{
	"name": "VNTM.COM",
	"short_name": "VNTM.COM",
	"description": "",
	"start_url": "index.html",
	"display": "fullscreen",
	"orientation": "portrait",
	"background_color": "#332bfe",
	"icons": [
		{
			"src": "icons/Icône-16.png",
			"sizes": "16x16",
			"type": "image/png"
		},
		{
			"src": "icons/Icône-32.png",
			"sizes": "32x32",
			"type": "image/png"
		},
		{
			"src": "icons/Icône-64.png",
			"sizes": "64x64",
			"type": "image/png"
		},
		{
			"src": "icons/Icône-128.png",
			"sizes": "128x128",
			"type": "image/png"
		},
		{
			"src": "icons/Icône-256.png",
			"sizes": "256x256",
			"type": "image/png"
		},
		{
			"src": "icons/Icône-512.png",
			"sizes": "512x512",
			"type": "image/png"
		}
	],
	"screenshots": []
}